{
  "name": "Midnight Console",
  "palette": {
    "primary": "#7c3aed",
    "secondary": "#22d3ee",
    "accent": "#f472b6",
    "background": "#0b1220",
    "surface": "#0f172a",
    "border": "#1e293b",
    "text": "#e2e8f0",
    "muted": "#94a3b8"
  },
  "paletteModes": {
    "light": {
      "primary": "#7c3aed",
      "secondary": "#22d3ee",
      "accent": "#f472b6",
      "background": "#f5f7fb",
      "surface": "#ffffff",
      "border": "#e5e7eb",
      "text": "#0f172a",
      "muted": "#475569"
    },
    "dark": {
      "primary": "#7c3aed",
      "secondary": "#22d3ee",
      "accent": "#f472b6",
      "background": "#0b1220",
      "surface": "#0f172a",
      "border": "#1e293b",
      "text": "#e2e8f0",
      "muted": "#94a3b8"
    }
  },
  "font": {
    "heading": "'Inter', 'Pretendard', sans-serif",
    "body": "'Inter', 'Pretendard', sans-serif",
    "monospace": "'Space Mono', 'Fira Code', monospace"
  },
  "layout": {
    "radius": "16px",
    "shadow": "0 18px 40px rgba(124, 58, 237, 0.35)",
    "spacing": "18px"
  },
  "hero": {
    "background": "radial-gradient(circle at 20% 20%, #312e81 0%, #0b1220 45%, #050914 100%)",
    "overlayOpacity": 0.32
  },
  "components": {
    "topBar": {
      "background": "rgba(15, 23, 42, 0.96)",
      "border": "#1e293b"
    },
    "sidebar": {
      "background": "rgba(11, 18, 32, 0.92)",
      "border": "#1e293b"
    },
    "card": {
      "background": "#111827",
      "border": "#1e293b"
    },
    "button": {
      "primaryBackground": "linear-gradient(135deg, #7c3aed, #22d3ee)",
      "primaryText": "#0b1220",
      "ghostBackground": "rgba(124, 58, 237, 0.12)",
      "ghostBorder": "rgba(34, 211, 238, 0.6)",
      "ghostText": "#e2e8f0",
      "text": "#c084fc",
      "shadow": "0 18px 38px rgba(124, 58, 237, 0.45)"
    },
    "codeBlock": {
      "background": "#050914",
      "text": "#a5f3fc",
      "border": "#1e293b"
    }
  }
}
